year_month,Discharge_log,Temperature_log,precip_trend_log,Abstraction_log,t_1,t_2,D4N0065
1975-06-01,1.6616565134685746,0.0,0.0,13.023014317587,0.0,0.0,-18.5
1975-07-01,1.6270073780554002,0.0,0.0,13.023014317587,-18.5,0.0,-18.41568965517241
1975-08-01,1.5955343516929448,0.0,5.441523169458946,13.023014317587,-18.41568965517241,-18.5,-18.32856896551724
1975-09-01,1.592774206413158,3.5726122302071057,5.504612930996776,13.023014317587,-18.32856896551724,-18.41568965517241,-18.24144827586207
1975-10-01,1.4749911707567747,3.553343811341229,5.5452432374077425,13.023014317587,-18.24144827586207,-18.32856896551724,-18.15713793103448
1975-11-01,1.4298324645564588,3.72785282839839,5.5452432374077425,13.023014317587,-18.15713793103448,-18.24144827586207,-18.07001724137931
1975-12-01,1.3421702577358507,4.034952986707273,5.5337636897652915,13.023014317587,-18.07001724137931,-18.15713793103448,-17.98570689655173
1976-01-01,1.4567917352735051,4.095577608523707,5.536891345234797,13.698186287030413,-17.98570689655173,-18.07001724137931,-17.89858620689655
1976-02-01,1.5098251234324072,4.184284380098582,5.5337636897652915,13.698186287030413,-17.89858620689655,-17.98570689655173,-17.81146551724138
1976-03-01,1.5382462193419828,4.165475048141086,5.528154143339408,13.698186287030413,-17.81146551724138,-17.89858620689655,-17.72996551724138
1976-04-01,1.7961549306341744,4.141994780532244,5.529278572809983,13.698186287030413,-17.72996551724138,-17.81146551724138,-17.64284482758621
1976-05-01,1.9190868191761563,4.137665769442657,5.550845987257492,13.698186287030413,-17.64284482758621,-17.72996551724138,-17.55853448275862
1976-06-01,2.111199404173581,4.106826321059578,5.554841338652634,13.698186287030413,-17.55853448275862,-17.64284482758621,-17.47141379310345
1976-07-01,2.0564004398588,3.962692419475791,5.497260126707947,13.698186287030413,-17.47141379310345,-17.55853448275862,-17.38710344827586
1976-08-01,1.9696419073711495,3.7376090033437546,5.354837418577593,13.698186287030413,-17.38710344827586,-17.47141379310345,-17.29998275862069
1976-09-01,1.9286144815629869,3.5610957881455465,5.238204377030537,13.698186287030413,-17.29998275862069,-17.38710344827586,-17.21286206896552
1976-10-01,1.8708748683436724,3.583997552432231,5.156471323236185,13.698186287030413,-17.21286206896552,-17.29998275862069,-17.12855172413793
1976-11-01,1.9681238805141723,3.72785282839839,5.039389601348587,13.698186287030413,-17.12855172413793,-17.21286206896552,-17.04143103448276
1976-12-01,1.8363813486458531,4.003204288392691,4.956597948817708,13.698186287030413,-17.04143103448276,-17.12855172413793,-16.95712068965517
1977-01-01,1.7134398838277076,4.072693314690119,4.9188330973566945,13.986493824841634,-16.95712068965517,-17.04143103448276,-16.87
1977-02-01,1.7381205462026765,4.115735065948687,4.9188330973566945,13.986493824841634,-16.87,-16.95712068965517,-12.42
1977-03-01,1.7842606194689856,4.2088254890147,4.922138339169239,13.986493824841634,-12.42,-16.87,-13.27
1977-04-01,1.8329775133663322,4.221871333847999,4.9577927396723345,13.986493824841634,-13.27,-12.42,-14.44
1977-05-01,1.877965617552487,4.234749174024491,4.969977398688702,13.986493824841634,-14.44,-13.27,-15.225
1977-06-01,1.7916341272745995,4.077312260546414,4.904074835578972,13.986493824841634,-15.225,-14.44,-16.58909090909091
1977-07-01,1.7714961469709216,4.025291075795535,4.9081823060422085,13.986493824841634,-16.58909090909091,-15.225,-18.28225202848154
1977-08-01,1.725130226412996,3.8467186496559975,5.1472268712347224,13.986493824841634,-18.28225202848154,-16.58909090909091,-20.03185185185185
1977-09-01,1.674473915294324,3.6210388241125804,5.306932599596794,13.986493824841634,-20.03185185185185,-18.28225202848154,-20.6556
1977-10-01,1.6349882663864133,3.5877640352277083,5.253719666186165,13.986493824841634,-20.6556,-20.03185185185185,-20.292
1977-11-01,1.5872309549683963,3.7788192719904172,5.203261247207694,13.986493824841634,-20.292,-20.6556,-20.945
1977-12-01,1.4743690867553756,3.998229153752578,5.209902902856373,13.986493824841634,-20.945,-20.292,-19.39275862068966
1978-01-01,1.5573274574174105,4.141994780532244,5.209902902856373,14.151897907506648,-19.39275862068966,-20.945,-18.49
1978-02-01,1.7471617688661836,4.244543571616779,5.209902902856373,14.151897907506648,-18.49,-19.39275862068966,-18.39421052631579
1978-03-01,2.088561952814608,4.224857896545748,5.237061072757007,14.151897907506648,-18.39421052631579,-18.49,-15.57571428571429
1978-04-01,2.313454814942933,4.200711854240529,5.232293267473079,14.151897907506648,-15.57571428571429,-18.39421052631579,-14.45703616965912
1978-05-01,2.2516194577932893,4.1759683238569245,5.216562194946349,14.151897907506648,-14.45703616965912,-15.57571428571429,-13.37444444444444
1978-06-01,2.1301109557274804,4.1463051320333655,5.215393862761185,14.151897907506648,-13.37444444444444,-14.45703616965912,-14.85666666666667
1978-07-01,2.0249657484998114,3.952302715626655,5.135699747904015,14.151897907506648,-14.85666666666667,-13.37444444444444,-17.110625
1978-08-01,1.908661704709664,3.803360380906535,4.9707635004507456,14.151897907506648,-17.110625,-14.85666666666667,-18.4626923076923
1978-09-01,1.821100544870406,3.529720665577793,4.770267410380853,14.151897907506648,-18.4626923076923,-17.110625,-19.48681818181818
1978-10-01,1.7533011033796924,3.613739521630969,4.6594935535906945,14.151897907506648,-19.48681818181818,-18.4626923076923,-20.44230769230769
1978-11-01,1.72270598280149,3.9258461460898246,4.6317578043040655,14.151897907506648,-20.44230769230769,-19.48681818181818,-20.62461538461539
1978-12-01,1.6714126884139393,4.008154793552548,4.6345112616304425,14.151897907506648,-20.62461538461539,-20.44230769230769,-21.23
1979-01-01,1.5838901946229957,4.106826321059578,4.65389973521791,14.1523834000635,-21.23,-20.62461538461539,-21.29
1979-02-01,1.5388298201755881,4.224857896545748,4.65389973521791,14.1523834000635,-21.29,-21.23,-21.34254237288135
1979-03-01,1.516182039042551,4.225835158985895,4.612043405165959,14.1523834000635,-21.34254237288135,-21.29,-21.39
1979-04-01,1.490494497288156,4.2268439945173775,4.5787622730689055,14.1523834000635,-21.39,-21.34254237288135,-20.54857142857143
1979-05-01,1.4649910874221912,4.242592351485516,4.5434923451130445,14.1523834000635,-20.54857142857143,-21.39,-19.75034482758621
1979-06-01,1.4440445900756396,4.1986731175506815,4.6892960339991525,14.1523834000635,-19.75034482758621,-20.54857142857143,-20.4952380952381
1979-07-01,1.4567917352735051,4.044522437723423,4.919412303860001,14.1523834000635,-20.4952380952381,-19.75034482758621,-21.2
1979-08-01,1.458057558227335,3.8243506567983707,4.930926535847378,14.1523834000635,-21.2,-20.4952380952381,-21.36
1979-09-01,1.4731237565819792,3.6354795082673745,4.960495658878924,14.1523834000635,-21.36,-21.2,-21.44
1979-10-01,1.4134332777573413,3.5610957881455465,5.083030802321828,14.1523834000635,-21.44,-21.36,-21.58
1979-11-01,1.396760667478018,3.8183982582710754,5.127268784615215,14.1523834000635,-21.58,-21.44,-20.34166666666667
1979-12-01,1.5440669575457926,4.065724645374026,5.116866799570922,14.1523834000635,-20.34166666666667,-21.58,-19.89851851851852
1980-01-01,1.5199835615507564,4.18013499655177,5.104707349257647,14.15238356193056,-19.89851851851852,-20.34166666666667,-20.80333333333333
1980-02-01,1.4959150110302364,4.120159851929043,5.104707349257647,14.15238356193056,-20.80333333333333,-19.89851851851852,-21.31
1980-03-01,1.5229518035638314,4.1479959281669085,5.097464689558344,14.15238356193056,-21.31,-20.80333333333333,-21.4
1980-04-01,1.4818086746954982,4.1759683238569245,5.140021419468538,14.15238356193056,-21.4,-21.31,-20.20928571428572
1980-05-01,1.4446858212614457,4.163363114937942,5.17618053283297,14.15238356193056,-20.20928571428572,-21.4,-19.19666666666666
1980-06-01,1.4376095614347315,4.150596984114906,5.152023673808778,14.15238356193056,-19.19666666666666,-20.20928571428572,-20.50307692307692
1980-07-01,1.4376095614347315,3.9806186357439426,5.103331833222337,14.15238356193056,-20.50307692307692,-19.19666666666666,-21.2
1980-08-01,1.4376095614347315,3.8213788864092133,5.0615200165740575,14.15238356193056,-21.2,-20.50307692307692,-21.39
1980-09-01,1.4304828710834523,3.5687881337687024,5.015631988047166,14.15238356193056,-21.39,-21.2,-21.53
1980-10-01,1.4298324645564588,3.5494451709255714,5.0103589061490075,14.15238356193056,-21.53,-21.39,-21.68
1980-11-01,1.3839009301923237,3.772588722239781,5.044147158355187,14.15238356193056,-21.68,-21.53,-20.93666666666667
1980-12-01,1.4630945706715155,3.9391619220655967,5.041588209782789,14.15238356193056,-20.93666666666667,-21.68,-19.5075
1981-01-01,1.5388298201755881,4.154870494892288,5.041588209782789,14.450932202327524,-19.5075,-20.93666666666667,-20.15111111111111
1981-02-01,1.5992637602278674,4.131136910560194,5.041588209782789,14.450932202327524,-20.15111111111111,-19.5075,-17.49722222222222
1981-03-01,1.6508773792137474,4.2068032436339315,5.057277084747649,14.450932202327524,-17.49722222222222,-20.15111111111111,-17.6475
1981-04-01,1.7050757514252193,4.2047769004886995,4.998124246147161,14.450932202327524,-17.6475,-17.49722222222222,-16.78
1981-05-01,1.7068658348437402,4.214867803470662,4.917922237359136,14.450932202327524,-16.78,-17.6475,-17.25428571428572
1981-06-01,1.7087122274585895,4.173878458937465,4.818719144951844,14.450932202327524,-17.25428571428572,-16.78,-18.82272727272727
1981-07-01,1.7104958188945583,4.106826321059578,4.720559790716909,14.450932202327524,-18.82272727272727,-17.25428571428572,-19.39499999999999
1981-08-01,1.6601073264817452,3.91235066461494,4.704486199493127,14.450932202327524,-19.39499999999999,-18.82272727272727,-19.34
1981-09-01,1.6439569363691735,3.8094026953624978,4.641088790277587,14.450932202327524,-19.34,-19.39499999999999,-20.6
1981-10-01,1.5971867894140341,3.7536607123542622,4.572345637857985,14.450932202327524,-20.6,-19.34,-21.26
1981-11-01,1.5364933705145685,3.8707357833793057,4.6214478631939375,14.450932202327524,-21.26,-20.6,-21.25666666666667
1981-12-01,1.463104887554579,4.013080911888604,4.69862349306333,14.450932202327524,-21.25666666666667,-21.26,-20.9425
1982-01-01,1.459321780898875,4.086486636822455,4.69862349306333,14.553510743786708,-20.9425,-21.25666666666667,-20.96285714285714
1982-02-01,1.4214385456759682,4.279029747687948,4.719044868445662,14.553510743786708,-20.96285714285714,-20.9425,-20.70142857142858
1982-03-01,1.3859424416193005,4.282789150611853,4.717426417758579,14.553510743786708,-20.70142857142858,-20.96285714285714,-20.381598062954
1982-04-01,1.4127716832906025,4.269568939183719,4.695317021772361,14.553510743786708,-20.381598062954,-20.70142857142858,-20.0275
1982-05-01,1.4551500058939562,4.282789150611853,4.783905502647704,14.553510743786708,-20.0275,-20.381598062954,-19.33857142857142
1982-06-01,1.4971322966339882,4.148453360571654,4.860027710309765,14.553510743786708,-19.33857142857142,-20.0275,-20.31
1982-07-01,1.5361481858373405,4.065724645374026,4.857654812944652,14.553510743786708,-20.31,-19.33857142857142,-20.884
1982-08-01,1.5749265491725142,3.9575110607337933,4.857302793227913,14.553510743786708,-20.884,-20.31,-21.107
1982-09-01,1.5749265491725142,3.631888840136646,4.901972669574645,14.553510743786708,-21.107,-20.884,-21.33
1982-10-01,1.5309320187533189,3.624668592163159,4.909436329531379,14.553510743786708,-21.33,-21.107,-21.53
1982-11-01,1.4833414811159809,3.807895536071926,4.80666248977032,14.553510743786708,-21.53,-21.33,-20.28736842105263
1982-12-01,1.4350239103497087,3.962692419475791,4.752245413069086,14.553510743786708,-20.28736842105263,-21.53,-20.70777777777777
1983-01-01,1.414094434806219,4.05870707271538,4.777348102101545,14.597576849321017,-20.70777777777777,-20.28736842105263,-21.195
1983-02-01,1.4154154389613325,4.18013499655177,4.77972894223384,14.597576849321017,-21.195,-20.70777777777777,-21.32
1983-03-01,1.3947411447451887,4.250374491927571,4.769883238267023,14.597576849321017,-21.32,-21.195,-21.65
1983-04-01,1.3852624007906449,4.317815772723105,4.784379009924887,14.597576849321017,-21.65,-21.32,-21.15833333333333
1983-05-01,1.387301137480493,4.3339886319687055,4.723985141638082,14.597576849321017,-21.15833333333333,-21.65,-20.52045454545455
1983-06-01,1.3933925268738951,4.2047769004886995,4.679775639864466,14.597576849321017,-20.52045454545455,-21.15833333333333,-20.835
1983-07-01,1.418052223613636,4.091042453358316,4.8003462882035235,14.597576849321017,-20.835,-20.52045454545455,-21.19
1983-08-01,1.4047982191204607,3.8535925063928684,4.800253104585136,14.597576849321017,-21.19,-20.835,-21.35
1983-09-01,1.387301137480493,3.653241964607215,4.659815321170025,14.597576849321017,-21.35,-21.19,-21.56
1983-10-01,1.365337317017385,3.653241964607215,4.599251019250126,14.597576849321017,-21.56,-21.35,-21.67
1983-11-01,1.3701832939635246,3.747270914255491,4.586523678957864,14.597576849321017,-21.67,-21.56,-21.89
1983-12-01,1.3597701488460348,4.054001181677966,4.561046082604051,14.597576849321017,-21.89,-21.67,-21.91
1984-01-01,1.3488947566197702,4.148453360571654,4.542166324787349,14.678864414736553,-21.91,-21.89,-21.85
1984-02-01,1.3378997886123984,4.250374491927571,4.542166324787349,14.678864414736553,-21.85,-21.91,-21.93
1984-03-01,1.3242550526826211,4.242592351485516,4.548659073338618,14.678864414736553,-21.93,-21.85,-22.07
1984-04-01,1.3336110043401808,4.314186004672526,4.548659073338618,14.678864414736553,-22.07,-21.93,-22.19
1984-05-01,1.336472236621213,4.319625727968344,4.580505142272065,14.678864414736553,-22.19,-22.07,-20.88
1984-06-01,1.3321773123383323,4.220873827530873,4.586639065792354,14.678864414736553,-20.88,-22.19,-21.22
1984-07-01,1.3199072197465178,4.017982882488811,4.373740535429116,14.678864414736553,-21.22,-20.88,-21.42
1984-08-01,1.3177261938001577,3.8183982582710754,4.251020278194767,14.678864414736553,-21.42,-21.22,-21.59138211382114
1984-09-01,1.3321773123383323,3.583997552432231,4.410459907274644,14.678864414736553,-21.59138211382114,-21.42,-21.76276422764228
1984-10-01,1.3694924476493469,3.649714624089247,4.492965943800515,14.678864414736553,-21.76276422764228,-21.59138211382114,-21.92861788617886
1984-11-01,1.3619233181490016,3.833213344056216,4.497643279930408,14.678864414736553,-21.92861788617886,-21.76276422764228,-22.1
1984-12-01,1.354543397491064,4.086486636822455,4.483673024782522,14.678864414736553,-22.1,-21.92861788617886,-22.27
1985-01-01,1.3468598276278765,4.202746442938317,4.480470562556663,14.718572988048699,-22.27,-22.1,-22.41
1985-02-01,1.3391167630924101,4.2068032436339315,4.476455648257632,14.718572988048699,-22.41,-22.27,-22.66
1985-03-01,1.332071118525084,4.288401887516811,4.500985020599282,14.718572988048699,-22.66,-22.41,-22.72
1985-04-01,1.324212238659595,4.323235840192444,4.54334421847042,14.718572988048699,-22.72,-22.66,-22.8
1985-05-01,1.3165476094021422,4.246490991901174,4.5457786104732625,14.718572988048699,-22.8,-22.72,-22.77
1985-06-01,1.3085652883024155,4.194583132299156,4.472742548825251,14.718572988048699,-22.77,-22.8,-22.71
1985-07-01,1.3007793160402297,3.995732273553991,4.493219332880801,14.718572988048699,-22.71,-22.77,-22.71
1985-08-01,1.29266961396282,3.8273136219290276,4.59216203461213,14.718572988048699,-22.71,-22.71,-22.88
1985-09-01,1.2844936065346215,3.653241964607215,4.624118686059126,14.718572988048699,-22.88,-22.71,-22.86
1985-10-01,1.2765171803044075,3.60638654732571,4.573632262984303,14.718572988048699,-22.86,-22.88,-22.97
1985-11-01,1.2682074834504191,3.8449093838194073,4.574566951684201,14.718572988048699,-22.97,-22.86,-23.18
1985-12-01,1.2600995562015544,4.03735394824481,4.665106969646856,14.718572988048699,-23.18,-22.97,-23.26
1986-01-01,1.2516517251910768,4.184284380098582,4.696553146264538,14.775089785027207,-23.26,-23.18,-23.32
1986-02-01,1.243131919873345,4.228826155721369,4.689888166503964,14.775089785027207,-23.32,-23.26,-23.38
1986-03-01,1.2353737201309036,4.248434627109745,4.667232914741535,14.775089785027207,-23.38,-23.32,-23.47
1986-04-01,1.2267134872926584,4.306886702190914,4.6561837183946695,14.775089785027207,-23.47,-23.38,-23.51
1986-05-01,1.218260596439061,4.260017768199376,4.658309331233793,14.775089785027207,-23.51,-23.47,-23.46
1986-06-01,1.2094502241822074,4.200711854240529,4.756534910712988,14.775089785027207,-23.46,-23.51,-23.47
1986-07-01,1.2045721657287745,4.063390922027805,4.842044578183016,14.775089785027207,-23.47,-23.46,-23.57
1986-08-01,1.2027218055744842,3.89314568477889,4.815967876086656,14.775089785027207,-23.57,-23.47,-23.5
1986-09-01,1.200868015239443,3.5572273113676265,4.787684203850022,14.775089785027207,-23.5,-23.57,-23.64
1986-10-01,1.199070746603244,3.5952547069568657,4.850321984830215,14.775089785027207,-23.64,-23.5,-23.69
1986-11-01,1.1972101692877053,3.8678989020441064,4.873192707856061,14.775089785027207,-23.69,-23.64,-23.70764227642277
1986-12-01,1.1881379421153944,3.9882040071331994,4.803494834676565,14.775089785027207,-23.70764227642277,-23.69,-23.72471544715447
1987-01-01,1.1756325686431581,4.100092288878233,4.77566553193861,14.784780007793179,-23.72471544715447,-23.70764227642277,-23.74235772357724
1987-02-01,1.1873090983049936,4.070375816549757,4.770700214414733,14.784780007793179,-23.74235772357724,-23.72471544715447,-23.76
1987-03-01,1.1814878760453773,4.242592351485516,4.788913308266038,14.784780007793179,-23.76,-23.74235772357724,-23.53
1987-04-01,1.1889660995126232,4.267665989037633,4.827281776973056,14.784780007793179,-23.53,-23.76,-23.47
1987-05-01,1.1823215567939547,4.303216973301952,4.8242840911201395,14.784780007793179,-23.47,-23.53,-23.29
1987-06-01,1.183986836113016,4.184284380098582,4.752245413069086,14.784780007793179,-23.29,-23.47,-23.25
1987-07-01,1.1963888140053902,4.051639905492287,4.769306703226551,14.784780007793179,-23.25,-23.29,-23.25
1987-08-01,1.1939206926373065,3.920469789053444,4.836131392250038,14.784780007793179,-23.25,-23.25,-23.235
1987-09-01,1.1939206926373065,3.5687881337687024,4.89079936897652,14.784780007793179,-23.235,-23.25,-23.22
1987-10-01,1.2021241840901344,3.5572273113676265,4.933458286148211,14.784780007793179,-23.22,-23.235,-23.29868852459016
1987-11-01,1.1881379421153944,3.7376090033437546,4.986357142480849,14.784780007793179,-23.29868852459016,-23.22,-23.38
1987-12-01,1.1806534996932576,3.9652730660692823,5.041562466526717,14.784780007793179,-23.38,-23.29868852459016,-23.42
1988-01-01,1.1680535849962497,4.161246712031565,5.036792567384043,14.903484193751039,-23.42,-23.38,-23.57
1988-02-01,1.1756325686431581,4.224857896545748,5.03232139345018,14.903484193751039,-23.57,-23.42,-23.59
1988-03-01,1.172271220940453,4.238678452164381,5.015669553081636,14.903484193751039,-23.59,-23.57,-23.57
1988-04-01,1.1914464645709553,4.271468274987372,4.974058396347599,14.903484193751039,-23.57,-23.59,-23.4
1988-05-01,1.2078268472023166,4.202746442938317,5.040855877271114,14.903484193751039,-23.4,-23.57,-23.25
1988-06-01,1.1996701951285678,4.212857752542638,5.117952576007668,14.903484193751039,-23.25,-23.4,-23.19
1988-07-01,1.1980308504991344,4.0489381399829805,5.057205015272644,14.903484193751039,-23.19,-23.25,-23.17
1988-08-01,1.1914464645709553,3.8597444502233484,5.086536379774289,14.903484193751039,-23.17,-23.19,-23.21
1988-09-01,1.183986836113016,3.617395832834079,5.222139044086904,14.903484193751039,-23.21,-23.17,-23.25
1988-10-01,1.1914464645709553,3.6210388241125804,5.247363649659171,14.903484193751039,-23.25,-23.21,-23.31
1988-11-01,1.1773090149704104,3.8361502037295256,5.2007670138263045,14.903484193751039,-23.31,-23.25,-23.37
1988-12-01,1.1604167214059047,4.010620886047741,5.215701450964526,14.903484193751039,-23.37,-23.31,-23.45
1989-01-01,1.1873090983049936,4.093312601892855,5.249387700832378,14.925169049377612,-23.45,-23.37,-23.38
1989-02-01,1.1914464645709553,4.139832617527748,5.255701842767827,14.925169049377612,-23.38,-23.45,-23.49
1989-03-01,1.2110709700799405,4.150596984114906,5.253631812578371,14.925169049377612,-23.49,-23.38,-22.67831460674157
1989-04-01,1.2707902047815627,4.2088254890147,5.240197837880576,14.925169049377612,-22.67831460674157,-23.49,-21.77966292134832
1989-05-01,1.2799018851328188,4.137665769442657,5.148829082088513,14.925169049377612,-21.77966292134832,-22.67831460674157,-20.91
1989-06-01,1.281437203951091,4.0522241107242625,5.078832104220916,14.925169049377612,-20.91,-21.77966292134832,-21.11
1989-07-01,1.2829207553500706,3.9482460341859005,5.089286253179776,14.925169049377612,-21.11,-20.91,-21.32
1989-08-01,1.2546422183735806,3.8361502037295256,4.98553243783695,14.925169049377612,-21.32,-21.11,-21.43
1989-09-01,1.2437301849225981,3.617395832834079,4.770204441459143,14.925169049377612,-21.43,-21.32,-21.55
1989-10-01,1.2342812957246656,3.5726122302071057,4.713403786519069,14.925169049377612,-21.55,-21.43,-21.73
1989-11-01,1.223943231484774,3.8273136219290276,4.800937267314266,14.925169049377612,-21.73,-21.55,-21.86
1989-12-01,1.221542269947236,3.9258461460898246,4.779476295681901,14.925169049377612,-21.86,-21.73,-22.03
1990-01-01,1.2094502241822074,4.051639905492287,4.724623001352004,14.925169123757238,-22.03,-21.86,-22.09
1990-02-01,1.1947440767925117,4.0680529351336165,4.716077451181224,14.925169123757238,-22.09,-22.03,-22.24
1990-03-01,1.2004888607494035,4.159125820462426,4.721361511242192,14.925169123757238,-22.24,-22.09,-22.32
1990-04-01,1.2053868297249508,4.18221184049661,4.736350038962592,14.925169123757238,-22.32,-22.24,-22.47
1990-05-01,1.21591750622247,4.070375816549757,4.773578944265931,14.925169123757238,-22.47,-22.32,-22.38
1990-06-01,1.2405904649179305,4.152736022363656,4.7591188309988315,14.925169123757238,-22.38,-22.47,-22.36
1990-07-01,1.2382291887322507,4.027715319407042,4.723637447513562,14.925169123757238,-22.36,-22.38,-22.51
1990-08-01,1.239803992207317,3.7694588292308535,4.788964530164435,14.925169123757238,-22.51,-22.36,-22.58
1990-09-01,1.2390169004704998,3.6461747973841225,4.791223877020337,14.925169123757238,-22.58,-22.51,-22.68
1990-10-01,1.2358623237219843,3.6775909936175015,4.725346326668966,14.925169123757238,-22.68,-22.58,-22.76
1990-11-01,1.2143046026470055,3.766319109226186,4.673081051958981,14.925169123757238,-22.76,-22.68,-22.92
1990-12-01,1.2013068567050353,3.9678470700644555,4.630268959828775,14.925169123757238,-22.92,-22.76,-22.89
1991-01-01,1.2102609254831962,4.150596984114906,4.676987217971062,14.950253768415891,-22.89,-22.92,-23.06
1991-02-01,1.2045721657287745,4.269568939183719,4.759373144045651,14.950253768415891,-23.06,-22.89,-23.14
1991-03-01,1.2245292574465123,4.261935314328648,4.824569815049555,14.950253768415891,-23.14,-23.06,-23.14
1991-04-01,1.2461697355333694,4.240637316649714,4.875226509953241,14.950253768415891,-23.14,-23.14,-23.19
1991-05-01,1.2666754706691028,4.214867803470662,4.890839137773298,14.950253768415891,-23.19,-23.14,-23.21
1991-06-01,1.2874320411965716,4.133317936506554,4.906882081252948,14.950253768415891,-23.21,-23.19,-23.23016260162602
1991-07-01,1.2866815721181974,3.89314568477889,4.937241269523682,14.950253768415891,-23.23016260162602,-23.21,-23.24967479674797
1991-08-01,1.2859305394129745,3.8622008809294686,4.89066888830858,14.950253768415891,-23.24967479674797,-23.23016260162602,-23.26983739837398
1991-09-01,1.2745968329031254,3.5952547069568657,4.819584858588134,14.950253768415891,-23.26983739837398,-23.24967479674797,-23.29
1991-10-01,1.2635132237720432,3.580216829592325,4.727646059079021,14.950253768415891,-23.29,-23.26983739837398,-23.37
1991-11-01,1.251929623624824,3.7880929087757464,4.625172099301624,14.950253768415891,-23.37,-23.29,-23.43
1991-12-01,1.2405904649179305,4.03735394824481,4.633162563460823,14.950253768415891,-23.43,-23.37,-23.47
1992-01-01,1.229951900762216,4.18221184049661,4.629990698869776,15.11118411303753,-23.47,-23.43,-23.63
1992-02-01,1.2191989394471445,4.186352633162641,4.569853971735262,15.11118411303753,-23.63,-23.47,-23.65
1992-03-01,1.2090339511010588,4.194583132299156,4.500191877968549,15.11118411303753,-23.65,-23.63,-23.67
1992-04-01,1.1980524382804512,4.3160025355989236,4.440728926423822,15.11118411303753,-23.67,-23.65,-23.73
1992-05-01,1.1873090983049936,4.3160025355989236,4.427740872616319,15.11118411303753,-23.73,-23.67,-23.93
1992-06-01,1.1939206926373065,4.254242968705492,4.631280369422357,15.11118411303753,-23.93,-23.73,-23.93
1992-07-01,1.1939206926373065,4.062317878313287,4.844160934626068,15.11118411303753,-23.93,-23.93,-23.88
1992-08-01,1.208638865111328,3.833213344056216,4.8790410421072785,15.11118411303753,-23.88,-23.93,-23.86
1992-09-01,1.2094502241822074,3.670694414558441,4.854629752057983,15.11118411303753,-23.86,-23.88,-23.89
1992-10-01,1.1831545430978465,3.649714624089247,4.891707377717292,15.11118411303753,-23.89,-23.86,-23.75
1992-11-01,1.183986836113016,3.6741486494265287,4.9447057363192215,15.11118411303753,-23.75,-23.89,-23.75
1992-12-01,1.1996701951285678,4.124565145396959,4.935774218090069,15.11118411303753,-23.75,-23.75,-23.81
1993-01-01,1.1535790879283008,4.186352633162641,4.905013523631865,15.117686891764599,-23.81,-23.75,-27.78
1993-02-01,1.1527210870176638,4.154870494892288,4.877740915852149,15.117686891764599,-27.78,-23.81,-23.73
1993-03-01,1.1484200051182734,4.236715742996532,4.85785883607005,15.117686891764599,-23.73,-27.78,-23.66
1993-04-01,1.1527210870176638,4.269568939183719,4.831562920334527,15.117686891764599,-23.66,-23.73,-23.67
1993-05-01,1.156092587015419,4.220873827530873,4.877686576598405,15.117686891764599,-23.67,-23.66,-23.66
1993-06-01,1.1595645696713384,4.159125820462426,4.795859581405519,15.117686891764599,-23.66,-23.67,-23.59
1993-07-01,1.1595645696713384,4.008154793552548,4.59066424357349,15.117686891764599,-23.59,-23.66,-23.61
1993-08-01,1.1604167214059047,3.9041650800285006,4.654973217269858,15.117686891764599,-23.61,-23.59,-23.69
1993-09-01,1.1663615372152252,3.598979106047848,4.802297097679357,15.117686891764599,-23.69,-23.61,-23.69
1993-10-01,1.1587116911548208,3.7013612129514133,4.8108164908504705,15.117686891764599,-23.69,-23.69,-23.69983606557377
1993-11-01,1.1672079189839064,3.6461747973841225,4.735480370626463,15.117686891764599,-23.69983606557377,-23.69,-23.71
1993-12-01,1.1561486824899314,3.9258461460898246,4.701643189294938,15.117686891764599,-23.71,-23.69983606557377,-23.71983606557377
1994-01-01,1.1561486824899314,3.9882040071331994,4.7052732789801945,15.176999861155181,-23.71983606557377,-23.71,-23.73
1994-02-01,1.172271220940453,4.030133700271323,4.7146270298560005,15.176999861155181,-23.73,-23.71983606557377,-23.69
1994-03-01,1.2311117209633866,4.122364924487357,4.725469377029574,15.176999861155181,-23.69,-23.73,-23.68
1994-04-01,1.3096881527143955,4.065724645374026,4.73777695054023,15.176999861155181,-23.68,-23.69,-23.59
1994-05-01,1.2941610385494902,4.051639905492287,4.644004259881743,15.176999861155181,-23.59,-23.68,-23.61950819672131
1994-06-01,1.29266961396282,4.049273040482021,4.480947907100185,15.176999861155181,-23.61950819672131,-23.59,-23.65
1994-07-01,1.288181947493432,3.9041650800285006,4.349278352285313,15.176999861155181,-23.65,-23.61950819672131,-23.62
1994-08-01,1.288181947493432,3.642622395779755,4.13996271575209,15.176999861155181,-23.62,-23.65,-23.685
1994-09-01,1.273836665629728,3.2874714551839976,3.9868851931857567,15.176999861155181,-23.685,-23.62,-23.75
1994-10-01,1.2499802052677693,3.180417459019838,4.081091843071428,15.176999861155181,-23.75,-23.685,-23.81
1994-11-01,1.2405904649179305,3.580216829592325,4.252588014353699,15.176999861155181,-23.81,-23.75,-23.46
1994-12-01,1.223943231484774,3.8273136219290276,4.3541873943323575,15.176999861155181,-23.46,-23.81,-23.49
1995-01-01,1.211880359035499,3.9856819377004897,4.393669115241364,15.190561646570174,-23.49,-23.46,-22.91
1995-02-01,1.216722983511287,4.111290614188263,4.396971708325786,15.190561646570174,-22.91,-23.49,-22.94
1995-03-01,1.2182989131722448,4.173878458937465,4.381034170237649,15.190561646570174,-22.94,-22.91,-22.94
1995-04-01,1.2200408003702057,4.178053830347945,4.363212698480224,15.190561646570174,-22.94,-22.94,-22.96
1995-05-01,1.2217236136385385,4.161246712031565,4.344333042225149,15.190561646570174,-22.96,-22.94,-23.05
1995-06-01,1.2234595507638402,4.042138646368146,4.416085994155906,15.190561646570174,-23.05,-22.96,-23.96
1995-07-01,1.2251366255499627,3.856470206220483,4.541200840763521,15.190561646570174,-23.96,-23.05,-24.01
1995-08-01,1.226866653113669,3.5952547069568657,4.607759777828949,15.190561646570174,-24.01,-23.96,-24.1
1995-09-01,1.228593692850283,3.186051276738094,4.590899045753733,15.190561646570174,-24.1,-24.01,-24.12
1995-10-01,1.230262186522488,3.3841650799864684,4.565769756951827,15.190561646570174,-24.12,-24.1,-24.16
1995-11-01,1.2319833770180666,3.681021528714291,4.533199828266403,15.190561646570174,-24.16,-24.12,-24.14
1995-12-01,1.2336462292900303,3.9418039315284354,4.513285218069408,15.190561646570174,-24.14,-24.16,-25.0
1996-01-01,1.2353616100319604,3.9856819377004897,4.559150347439152,15.23949915339557,-25.0,-24.14,-24.96
1996-02-01,1.2370740532810003,4.072693314690119,4.5825925835959795,15.23949915339557,-24.96,-25.0,-24.49115702479339
1996-03-01,1.2386733658851803,4.027715319407042,4.5862928653388355,15.23949915339557,-24.49115702479339,-24.96,-24.05256198347108
1996-04-01,1.2403801521497142,4.104586678466073,4.58606199843258,15.23949915339557,-24.05256198347108,-24.49115702479339,-23.58371900826446
1996-05-01,1.2420291117390923,4.054001181677966,4.601186026398764,15.23949915339557,-23.58371900826446,-24.05256198347108,-23.13
1996-06-01,1.2437301849225981,3.970414465569701,4.604818266487501,15.23949915339557,-23.13,-23.58371900826446,-23.12
1996-07-01,1.2405904649179305,3.797281334830153,4.568828223046106,15.23949915339557,-23.12,-23.13,-23.18
1996-08-01,1.2413763195752694,3.6354795082673745,4.551053137206532,15.23949915339557,-23.18,-23.12,-23.08
1996-09-01,1.2319050569827825,3.4336133554004498,4.601186026398764,15.23949915339557,-23.08,-23.18,-23.0
1996-10-01,1.2199384203652615,3.2669579153508947,4.572813693097046,15.23949915339557,-23.0,-23.08,-23.0
1996-11-01,1.1988508587451652,3.5376572151735295,4.609565647394211,15.23949915339557,-23.0,-23.0,-23.0
1996-12-01,1.1972101692877053,3.847812143477369,4.7090904947300665,15.23949915339557,-23.0,-23.0,-23.81
1997-01-01,1.2004888607494035,4.079613757534693,4.6936596772869255,15.309569961086037,-23.81,-23.0,-23.04
1997-02-01,1.1980308504991344,4.034952986707273,4.675456433781796,15.309569961086037,-23.04,-23.81,-23.18
1997-03-01,1.17898265552844,4.106826321059578,4.674822787124202,15.309569961086037,-23.18,-23.04,-23.2
1997-04-01,1.3264219007677116,4.111290614188263,4.679670515028627,15.309569961086037,-23.2,-23.18,-23.19491803278688
1997-05-01,1.4330802751411378,4.126760535960395,4.734887975321492,15.309569961086037,-23.19491803278688,-23.2,-23.19
1997-06-01,1.4376095614347315,3.998229153752578,4.776585034533042,15.309569961086037,-23.19,-23.19491803278688,-23.19
1997-07-01,1.459321780898875,3.785011242238338,4.758094523135409,15.309569961086037,-23.19,-23.19,-22.33
1997-08-01,1.4799539600989036,3.5915163848462583,4.747344883806786,15.309569961086037,-22.33,-23.19,-22.66
1997-09-01,1.459321780898875,3.379546134130174,4.731100469547899,15.309569961086037,-22.66,-22.33,-23.34
1997-10-01,1.4167347003663953,3.4423470353692043,4.743998753335016,15.309569961086037,-23.34,-22.66,-22.78
1997-11-01,1.4101209196443585,3.7047112998366956,4.71560252425469,15.309569961086037,-22.78,-23.34,-22.78673913043478
1997-12-01,1.4074631107708375,3.8763855159214247,4.614290597122864,15.309569961086037,-22.78673913043478,-22.78,-22.79326086956522
1998-01-01,1.3893357261782806,3.972975286431375,4.553202905143026,15.310009321156416,-22.79326086956522,-22.78673913043478,-22.8
1998-02-01,1.3798053613275867,4.051639905492287,4.535631144805689,15.310009321156416,-22.8,-22.79326086956522,-22.99667452830189
