year_month,Discharge_log,Temperature_log,precip_trend_log,Abstraction_log,t_1,t_2,D4N0053
1974-02-01,1.0760346862759975,0.0,5.278631778433728,12.217811399145877,0.0,0.0,-17.175
1974-03-01,1.1914464645709553,0.0,5.244797939250828,12.217811399145877,-17.175,0.0,-16.5675
1974-04-01,1.3357576956833441,0.0,5.274870526422638,12.217811399145877,-16.5675,-17.175,-16.4
1974-05-01,1.418710334858185,0.0,5.273942505939586,12.217811399145877,-16.4,-16.5675,-16.5
1974-06-01,1.4239596907443288,0.0,5.165243024324825,12.217811399145877,-16.5,-16.4,-16.62
1974-07-01,1.4047982191204607,4.1986731175506815,5.083171261623975,12.217811399145877,-16.62,-16.5,-16.77
1974-08-01,1.395414772254663,4.124565145396959,5.160899278637963,12.217811399145877,-16.77,-16.62,-16.92
1974-09-01,1.3590720685384539,3.9575110607337933,5.2649659942772,12.217811399145877,-16.92,-16.77,-17.08
1974-10-01,1.302324349188651,3.7536607123542622,5.307998787515195,12.217811399145877,-17.08,-16.92,-17.26
1974-11-01,1.2037568375140197,3.6100697927420065,5.329636247471958,12.217811399145877,-17.26,-17.08,-17.48
1974-12-01,1.2183319943169877,3.5649493574615367,5.33347081804292,12.217811399145877,-17.48,-17.26,-17.66
1975-01-01,1.2452963559553432,3.7180005319553784,5.340118981595141,13.023014317587,-17.66,-17.48,-17.9
1975-02-01,1.2295231582782489,3.915064370486536,5.343480693810564,13.023014317587,-17.9,-17.66,-17.93940677966102
1975-03-01,1.3974329364109002,4.150596984114906,5.335819070221034,13.023014317587,-17.93940677966102,-17.9,-17.975
1975-04-01,1.5481214085096875,4.148453360571654,5.320040409212455,13.023014317587,-17.975,-17.93940677966102,-17.54
1975-05-01,1.7090205297162355,4.178053830347945,5.355425952876702,13.023014317587,-17.54,-17.975,-16.89
1975-06-01,1.6616565134685746,4.210843653170937,5.441523169458946,13.023014317587,-16.89,-17.54,-16.71
1975-07-01,1.6270073780554002,4.157000421150114,5.504612930996776,13.023014317587,-16.71,-16.89,-16.66
1975-08-01,1.5955343516929448,4.075005454448499,5.5452432374077425,13.023014317587,-16.66,-16.71,-16.5
1975-09-01,1.592774206413158,3.9338568698359038,5.5452432374077425,13.023014317587,-16.5,-16.66,-16.54
1975-10-01,1.4749911707567747,3.791165107812717,5.5337636897652915,13.023014317587,-16.54,-16.5,-16.62
1975-11-01,1.4298324645564588,3.5726122302071057,5.536891345234797,13.023014317587,-16.62,-16.54,-16.84
1975-12-01,1.3421702577358507,3.553343811341229,5.5337636897652915,13.023014317587,-16.84,-16.62,-16.83
1976-01-01,1.4567917352735051,3.72785282839839,5.528154143339408,13.698186287030413,-16.83,-16.84,-16.76
1976-02-01,1.5098251234324072,4.034952986707273,5.529278572809983,13.698186287030413,-16.76,-16.83,-15.83
1976-03-01,1.5382462193419828,4.095577608523707,5.550845987257492,13.698186287030413,-15.83,-16.76,-15.23
1976-04-01,1.7961549306341744,4.184284380098582,5.554841338652634,13.698186287030413,-15.23,-15.83,-11.95
1976-05-01,1.9190868191761563,4.165475048141086,5.497260126707947,13.698186287030413,-11.95,-15.23,-11.37
1976-06-01,2.111199404173581,4.141994780532244,5.354837418577593,13.698186287030413,-11.37,-11.95,-11.38518367346939
1976-07-01,2.0564004398588,4.137665769442657,5.238204377030537,13.698186287030413,-11.38518367346939,-11.37,-11.39987755102041
1976-08-01,1.9696419073711495,4.106826321059578,5.156471323236185,13.698186287030413,-11.39987755102041,-11.38518367346939,-11.4150612244898
1976-09-01,1.9286144815629869,3.962692419475791,5.039389601348587,13.698186287030413,-11.4150612244898,-11.39987755102041,-11.43024489795918
1976-10-01,1.8708748683436724,3.7376090033437546,4.956597948817708,13.698186287030413,-11.43024489795918,-11.4150612244898,-11.4449387755102
1976-11-01,1.9681238805141723,3.5610957881455465,4.9188330973566945,13.698186287030413,-11.4449387755102,-11.43024489795918,-11.46012244897959
1976-12-01,1.8363813486458531,3.583997552432231,4.9188330973566945,13.698186287030413,-11.46012244897959,-11.4449387755102,-11.47481632653061
1977-01-01,1.7134398838277076,3.72785282839839,4.922138339169239,13.986493824841634,-11.47481632653061,-11.46012244897959,-11.49
1977-02-01,1.7381205462026765,4.003204288392691,4.9577927396723345,13.986493824841634,-11.49,-11.47481632653061,-10.67
1977-03-01,1.7842606194689856,4.072693314690119,4.969977398688702,13.986493824841634,-10.67,-11.49,-10.59
1977-04-01,1.8329775133663322,4.115735065948687,4.904074835578972,13.986493824841634,-10.59,-10.67,-10.65
1977-05-01,1.877965617552487,4.2088254890147,4.9081823060422085,13.986493824841634,-10.65,-10.59,-10.79
1977-06-01,1.7916341272745995,4.221871333847999,5.1472268712347224,13.986493824841634,-10.79,-10.65,-11.0
1977-07-01,1.7714961469709216,4.234749174024491,5.306932599596794,13.986493824841634,-11.0,-10.79,-11.28
1977-08-01,1.725130226412996,4.077312260546414,5.253719666186165,13.986493824841634,-11.28,-11.0,-11.7
1977-09-01,1.674473915294324,4.025291075795535,5.203261247207694,13.986493824841634,-11.7,-11.28,-12.04
1977-10-01,1.6349882663864133,3.8467186496559975,5.209902902856373,13.986493824841634,-12.04,-11.7,-12.4
1977-11-01,1.5872309549683963,3.6210388241125804,5.209902902856373,13.986493824841634,-12.4,-12.04,-12.77
1977-12-01,1.4743690867553756,3.5877640352277083,5.209902902856373,13.986493824841634,-12.77,-12.4,-13.34
1978-01-01,1.5573274574174105,3.7788192719904172,5.237061072757007,14.151897907506648,-13.34,-12.77,-13.08
1978-02-01,1.7471617688661836,3.998229153752578,5.232293267473079,14.151897907506648,-13.08,-13.34,-12.89
1978-03-01,2.088561952814608,4.141994780532244,5.216562194946349,14.151897907506648,-12.89,-13.08,-7.96
1978-04-01,2.313454814942933,4.244543571616779,5.215393862761185,14.151897907506648,-7.96,-12.89,-7.57
1978-05-01,2.2516194577932893,4.224857896545748,5.135699747904015,14.151897907506648,-7.57,-7.96,-7.66
1978-06-01,2.1301109557274804,4.200711854240529,4.9707635004507456,14.151897907506648,-7.66,-7.57,-8.04
1978-07-01,2.0249657484998114,4.1759683238569245,4.770267410380853,14.151897907506648,-8.04,-7.66,-8.6
1978-08-01,1.908661704709664,4.1463051320333655,4.6594935535906945,14.151897907506648,-8.6,-8.04,-9.0
1978-09-01,1.821100544870406,3.952302715626655,4.6317578043040655,14.151897907506648,-9.0,-8.6,-9.49
1978-10-01,1.7533011033796924,3.803360380906535,4.6345112616304425,14.151897907506648,-9.49,-9.0,-9.83
1978-11-01,1.72270598280149,3.529720665577793,4.65389973521791,14.151897907506648,-9.83,-9.49,-10.31
1978-12-01,1.6714126884139393,3.613739521630969,4.65389973521791,14.151897907506648,-10.31,-9.83,-10.72
1979-01-01,1.5838901946229957,3.9258461460898246,4.612043405165959,14.1523834000635,-10.72,-10.31,-11.23
1979-02-01,1.5388298201755881,4.008154793552548,4.5787622730689055,14.1523834000635,-11.23,-10.72,-11.70813559322034
1979-03-01,1.516182039042551,4.106826321059578,4.5434923451130445,14.1523834000635,-11.70813559322034,-11.23,-12.14
1979-04-01,1.490494497288156,4.224857896545748,4.6892960339991525,14.1523834000635,-12.14,-11.70813559322034,-12.6
1979-05-01,1.4649910874221912,4.225835158985895,4.919412303860001,14.1523834000635,-12.6,-12.14,-13.25
1979-06-01,1.4440445900756396,4.2268439945173775,4.930926535847378,14.1523834000635,-13.25,-12.6,-13.61
1979-07-01,1.4567917352735051,4.242592351485516,4.960495658878924,14.1523834000635,-13.61,-13.25,-13.96
1979-08-01,1.458057558227335,4.1986731175506815,5.083030802321828,14.1523834000635,-13.96,-13.61,-14.41
1979-09-01,1.4731237565819792,4.044522437723423,5.127268784615215,14.1523834000635,-14.41,-13.96,-14.81
1979-10-01,1.4134332777573413,3.8243506567983707,5.116866799570922,14.1523834000635,-14.81,-14.41,-15.12
1979-11-01,1.396760667478018,3.6354795082673745,5.104707349257647,14.1523834000635,-15.12,-14.81,-15.48
1979-12-01,1.5440669575457926,3.5610957881455465,5.104707349257647,14.1523834000635,-15.48,-15.12,-15.73
1980-01-01,1.5199835615507564,3.8183982582710754,5.097464689558344,14.15238356193056,-15.73,-15.48,-16.01
1980-02-01,1.4959150110302364,4.065724645374026,5.140021419468538,14.15238356193056,-16.01,-15.73,-16.2
1980-03-01,1.5229518035638314,4.18013499655177,5.17618053283297,14.15238356193056,-16.2,-16.01,-16.31
1980-04-01,1.4818086746954982,4.120159851929043,5.152023673808778,14.15238356193056,-16.31,-16.2,-16.47
1980-05-01,1.4446858212614457,4.1479959281669085,5.103331833222337,14.15238356193056,-16.47,-16.31,-16.6
1980-06-01,1.4376095614347315,4.1759683238569245,5.0615200165740575,14.15238356193056,-16.6,-16.47,-16.76
1980-07-01,1.4376095614347315,4.163363114937942,5.015631988047166,14.15238356193056,-16.76,-16.6,-16.94
1980-08-01,1.4376095614347315,4.150596984114906,5.0103589061490075,14.15238356193056,-16.94,-16.76,-17.11
1980-09-01,1.4304828710834523,3.9806186357439426,5.044147158355187,14.15238356193056,-17.11,-16.94,-17.29
1980-10-01,1.4298324645564588,3.8213788864092133,5.041588209782789,14.15238356193056,-17.29,-17.11,-17.52
1980-11-01,1.3839009301923237,3.5687881337687024,5.041588209782789,14.15238356193056,-17.52,-17.29,-17.62
1980-12-01,1.4630945706715155,3.5494451709255714,5.041588209782789,14.15238356193056,-17.62,-17.52,-17.61
1981-01-01,1.5388298201755881,3.772588722239781,5.057277084747649,14.450932202327524,-17.61,-17.62,-16.1
1981-02-01,1.5992637602278674,3.9391619220655967,4.998124246147161,14.450932202327524,-16.1,-17.61,-12.5
1981-03-01,1.6508773792137474,4.154870494892288,4.917922237359136,14.450932202327524,-12.5,-16.1,-11.9
1981-04-01,1.7050757514252193,4.131136910560194,4.818719144951844,14.450932202327524,-11.9,-12.5,-11.77
1981-05-01,1.7068658348437402,4.2068032436339315,4.720559790716909,14.450932202327524,-11.77,-11.9,-11.83
1981-06-01,1.7087122274585895,4.2047769004886995,4.704486199493127,14.450932202327524,-11.83,-11.77,-11.95
1981-07-01,1.7104958188945583,4.214867803470662,4.641088790277587,14.450932202327524,-11.95,-11.83,-12.16
1981-08-01,1.6601073264817452,4.173878458937465,4.572345637857985,14.450932202327524,-12.16,-11.95,-12.56
1981-09-01,1.6439569363691735,4.106826321059578,4.6214478631939375,14.450932202327524,-12.56,-12.16,-12.83
1981-10-01,1.5971867894140341,3.91235066461494,4.69862349306333,14.450932202327524,-12.83,-12.56,-13.32
1981-11-01,1.5364933705145685,3.8094026953624978,4.69862349306333,14.450932202327524,-13.32,-12.83,-13.80693396226415
1981-12-01,1.463104887554579,3.7536607123542622,4.719044868445662,14.450932202327524,-13.80693396226415,-13.32,-14.27816037735849
1982-01-01,1.459321780898875,3.8707357833793057,4.717426417758579,14.553510743786708,-14.27816037735849,-13.80693396226415,-14.76509433962264
1982-02-01,1.4214385456759682,4.013080911888604,4.695317021772361,14.553510743786708,-14.76509433962264,-14.27816037735849,-15.25202830188679
1982-03-01,1.3859424416193005,4.086486636822455,4.783905502647704,14.553510743786708,-15.25202830188679,-14.76509433962264,-15.69183962264151
1982-04-01,1.4127716832906025,4.279029747687948,4.860027710309765,14.553510743786708,-15.69183962264151,-15.25202830188679,-16.17877358490566
1982-05-01,1.4551500058939562,4.282789150611853,4.857654812944652,14.553510743786708,-16.17877358490566,-15.69183962264151,-16.65
1982-06-01,1.4971322966339882,4.269568939183719,4.857302793227913,14.553510743786708,-16.65,-16.17877358490566,-16.89
1982-07-01,1.5361481858373405,4.282789150611853,4.901972669574645,14.553510743786708,-16.89,-16.65,-17.12
1982-08-01,1.5749265491725142,4.148453360571654,4.909436329531379,14.553510743786708,-17.12,-16.89,-17.35
1982-09-01,1.5749265491725142,4.065724645374026,4.80666248977032,14.553510743786708,-17.35,-17.12,-17.55
1982-10-01,1.5309320187533189,3.9575110607337933,4.752245413069086,14.553510743786708,-17.55,-17.35,-17.74
1982-11-01,1.4833414811159809,3.631888840136646,4.777348102101545,14.553510743786708,-17.74,-17.55,-17.96
1982-12-01,1.4350239103497087,3.624668592163159,4.77972894223384,14.553510743786708,-17.96,-17.74,-18.11
1983-01-01,1.414094434806219,3.807895536071926,4.769883238267023,14.597576849321017,-18.11,-17.96,-18.24
1983-02-01,1.4154154389613325,3.962692419475791,4.784379009924887,14.597576849321017,-18.24,-18.11,-18.34
1983-03-01,1.3947411447451887,4.05870707271538,4.723985141638082,14.597576849321017,-18.34,-18.24,-18.47
1983-04-01,1.3852624007906449,4.18013499655177,4.679775639864466,14.597576849321017,-18.47,-18.34,-18.59
1983-05-01,1.387301137480493,4.250374491927571,4.8003462882035235,14.597576849321017,-18.59,-18.47,-18.73
1983-06-01,1.3933925268738951,4.317815772723105,4.800253104585136,14.597576849321017,-18.73,-18.59,-18.89
1983-07-01,1.418052223613636,4.3339886319687055,4.659815321170025,14.597576849321017,-18.89,-18.73,-19.02
1983-08-01,1.4047982191204607,4.2047769004886995,4.599251019250126,14.597576849321017,-19.02,-18.89,-19.14
1983-09-01,1.387301137480493,4.091042453358316,4.586523678957864,14.597576849321017,-19.14,-19.02,-19.28
1983-10-01,1.365337317017385,3.8535925063928684,4.561046082604051,14.597576849321017,-19.28,-19.14,-19.35
1983-11-01,1.3701832939635246,3.653241964607215,4.542166324787349,14.597576849321017,-19.35,-19.28,-19.52
1983-12-01,1.3597701488460348,3.653241964607215,4.542166324787349,14.597576849321017,-19.52,-19.35,-19.67
1984-01-01,1.3488947566197702,3.747270914255491,4.548659073338618,14.678864414736553,-19.67,-19.52,-19.78
1984-02-01,1.3378997886123984,4.054001181677966,4.548659073338618,14.678864414736553,-19.78,-19.67,-19.92
1984-03-01,1.3242550526826211,4.148453360571654,4.580505142272065,14.678864414736553,-19.92,-19.78,-20.0
1984-04-01,1.3336110043401808,4.250374491927571,4.586639065792354,14.678864414736553,-20.0,-19.92,-20.05
1984-05-01,1.336472236621213,4.242592351485516,4.373740535429116,14.678864414736553,-20.05,-20.0,-20.16
1984-06-01,1.3321773123383323,4.314186004672526,4.251020278194767,14.678864414736553,-20.16,-20.05,-20.41
1984-07-01,1.3199072197465178,4.319625727968344,4.410459907274644,14.678864414736553,-20.41,-20.16,-20.52
1984-08-01,1.3177261938001577,4.220873827530873,4.492965943800515,14.678864414736553,-20.52,-20.41,-20.62
1984-09-01,1.3321773123383323,4.017982882488811,4.497643279930408,14.678864414736553,-20.62,-20.52,-20.68
1984-10-01,1.3694924476493469,3.8183982582710754,4.483673024782522,14.678864414736553,-20.68,-20.62,-20.76
1984-11-01,1.3619233181490016,3.583997552432231,4.480470562556663,14.678864414736553,-20.76,-20.68,-20.86
1984-12-01,1.354543397491064,3.649714624089247,4.476455648257632,14.678864414736553,-20.86,-20.76,-20.96
1985-01-01,1.3468598276278765,3.833213344056216,4.500985020599282,14.718572988048699,-20.96,-20.86,-21.08
1985-02-01,1.3391167630924101,4.086486636822455,4.54334421847042,14.718572988048699,-21.08,-20.96,-21.22
1985-03-01,1.332071118525084,4.202746442938317,4.5457786104732625,14.718572988048699,-21.22,-21.08,-21.27
1985-04-01,1.324212238659595,4.2068032436339315,4.472742548825251,14.718572988048699,-21.27,-21.22,-21.36
1985-05-01,1.3165476094021422,4.288401887516811,4.493219332880801,14.718572988048699,-21.36,-21.27,-21.44
1985-06-01,1.3085652883024155,4.323235840192444,4.59216203461213,14.718572988048699,-21.44,-21.36,-21.52
1985-07-01,1.3007793160402297,4.246490991901174,4.624118686059126,14.718572988048699,-21.52,-21.44,-21.61
1985-08-01,1.29266961396282,4.194583132299156,4.573632262984303,14.718572988048699,-21.61,-21.52,-21.73
1985-09-01,1.2844936065346215,3.995732273553991,4.574566951684201,14.718572988048699,-21.73,-21.61,-21.78336065573771
1985-10-01,1.2765171803044075,3.8273136219290276,4.665106969646856,14.718572988048699,-21.78336065573771,-21.73,-21.835
1985-11-01,1.2682074834504191,3.653241964607215,4.696553146264538,14.718572988048699,-21.835,-21.78336065573771,-21.95
1985-12-01,1.2600995562015544,3.60638654732571,4.689888166503964,14.718572988048699,-21.95,-21.835,-22.03
1986-01-01,1.2516517251910768,3.8449093838194073,4.667232914741535,14.775089785027207,-22.03,-21.95,-22.09
1986-02-01,1.243131919873345,4.03735394824481,4.6561837183946695,14.775089785027207,-22.09,-22.03,-22.16
1986-03-01,1.2353737201309036,4.184284380098582,4.658309331233793,14.775089785027207,-22.16,-22.09,-22.27
1986-04-01,1.2267134872926584,4.228826155721369,4.756534910712988,14.775089785027207,-22.27,-22.16,-22.35
1986-05-01,1.218260596439061,4.248434627109745,4.842044578183016,14.775089785027207,-22.35,-22.27,-22.45
1986-06-01,1.2094502241822074,4.306886702190914,4.815967876086656,14.775089785027207,-22.45,-22.35,-22.58
1986-07-01,1.2045721657287745,4.260017768199376,4.787684203850022,14.775089785027207,-22.58,-22.45,-22.72
1986-08-01,1.2027218055744842,4.200711854240529,4.850321984830215,14.775089785027207,-22.72,-22.58,-22.82
1986-09-01,1.200868015239443,4.063390922027805,4.873192707856061,14.775089785027207,-22.82,-22.72,-22.90385245901639
1986-10-01,1.199070746603244,3.89314568477889,4.803494834676565,14.775089785027207,-22.90385245901639,-22.82,-22.985
1986-11-01,1.1972101692877053,3.5572273113676265,4.77566553193861,14.775089785027207,-22.985,-22.90385245901639,-23.14
1986-12-01,1.1881379421153944,3.5952547069568657,4.770700214414733,14.775089785027207,-23.14,-22.985,-23.23
1987-01-01,1.1756325686431581,3.8678989020441064,4.788913308266038,14.784780007793179,-23.23,-23.14,-23.34
1987-02-01,1.1873090983049936,3.9882040071331994,4.827281776973056,14.784780007793179,-23.34,-23.23,-23.47
1987-03-01,1.1814878760453773,4.100092288878233,4.8242840911201395,14.784780007793179,-23.47,-23.34,-23.53
1987-04-01,1.1889660995126232,4.070375816549757,4.752245413069086,14.784780007793179,-23.53,-23.47,-23.57065573770492
1987-05-01,1.1823215567939547,4.242592351485516,4.769306703226551,14.784780007793179,-23.57065573770492,-23.53,-23.61
1987-06-01,1.183986836113016,4.267665989037633,4.836131392250038,14.784780007793179,-23.61,-23.57065573770492,-23.63
1987-07-01,1.1963888140053902,4.303216973301952,4.89079936897652,14.784780007793179,-23.63,-23.61,-23.72
1987-08-01,1.1939206926373065,4.184284380098582,4.933458286148211,14.784780007793179,-23.72,-23.63,-23.8375
1987-09-01,1.1939206926373065,4.051639905492287,4.986357142480849,14.784780007793179,-23.8375,-23.72,-23.955
1987-10-01,1.2021241840901344,3.920469789053444,5.041562466526717,14.784780007793179,-23.955,-23.8375,-24.02139344262295
1987-11-01,1.1881379421153944,3.5687881337687024,5.036792567384043,14.784780007793179,-24.02139344262295,-23.955,-24.09
1987-12-01,1.1806534996932576,3.5572273113676265,5.03232139345018,14.784780007793179,-24.09,-24.02139344262295,-24.23
1988-01-01,1.1680535849962497,3.7376090033437546,5.015669553081636,14.903484193751039,-24.23,-24.09,-24.32
1988-02-01,1.1756325686431581,3.9652730660692823,4.974058396347599,14.903484193751039,-24.32,-24.23,-24.21
1988-03-01,1.172271220940453,4.161246712031565,5.040855877271114,14.903484193751039,-24.21,-24.32,-23.95
1988-04-01,1.1914464645709553,4.224857896545748,5.117952576007668,14.903484193751039,-23.95,-24.21,-23.35
1988-05-01,1.2078268472023166,4.238678452164381,5.057205015272644,14.903484193751039,-23.35,-23.95,-23.21
1988-06-01,1.1996701951285678,4.271468274987372,5.086536379774289,14.903484193751039,-23.21,-23.35,-23.25
1988-07-01,1.1980308504991344,4.202746442938317,5.222139044086904,14.903484193751039,-23.25,-23.21,-23.31
1988-08-01,1.1914464645709553,4.212857752542638,5.247363649659171,14.903484193751039,-23.31,-23.25,-23.59
1988-09-01,1.183986836113016,4.0489381399829805,5.2007670138263045,14.903484193751039,-23.59,-23.31,-23.49
1988-10-01,1.1914464645709553,3.8597444502233484,5.215701450964526,14.903484193751039,-23.49,-23.59,-23.64
1988-11-01,1.1773090149704104,3.617395832834079,5.249387700832378,14.903484193751039,-23.64,-23.49,-23.74
1988-12-01,1.1604167214059047,3.6210388241125804,5.255701842767827,14.903484193751039,-23.74,-23.64,-23.76
1989-01-01,1.1873090983049936,3.8361502037295256,5.253631812578371,14.925169049377612,-23.76,-23.74,-23.23
1989-02-01,1.1914464645709553,4.010620886047741,5.240197837880576,14.925169049377612,-23.23,-23.76,-23.17
1989-03-01,1.2110709700799405,4.093312601892855,5.148829082088513,14.925169049377612,-23.17,-23.23,-19.47
1989-04-01,1.2707902047815627,4.139832617527748,5.078832104220916,14.925169049377612,-19.47,-23.17,-18.44
1989-05-01,1.2799018851328188,4.150596984114906,5.089286253179776,14.925169049377612,-18.44,-19.47,-17.91
1989-06-01,1.281437203951091,4.2088254890147,4.98553243783695,14.925169049377612,-17.91,-18.44,-17.76
1989-07-01,1.2829207553500706,4.137665769442657,4.770204441459143,14.925169049377612,-17.76,-17.91,-18.43
1989-08-01,1.2546422183735806,4.0522241107242625,4.713403786519069,14.925169049377612,-18.43,-17.76,-18.99
1989-09-01,1.2437301849225981,3.9482460341859005,4.800937267314266,14.925169049377612,-18.99,-18.43,-19.36
1989-10-01,1.2342812957246656,3.8361502037295256,4.779476295681901,14.925169049377612,-19.36,-18.99,-19.82
1989-11-01,1.223943231484774,3.617395832834079,4.724623001352004,14.925169049377612,-19.82,-19.36,-20.13
1989-12-01,1.221542269947236,3.5726122302071057,4.716077451181224,14.925169049377612,-20.13,-19.82,-20.43
1990-01-01,1.2094502241822074,3.8273136219290276,4.721361511242192,14.925169123757238,-20.43,-20.13,-20.67
1990-02-01,1.1947440767925117,3.9258461460898246,4.736350038962592,14.925169123757238,-20.67,-20.43,-20.75
1990-03-01,1.2004888607494035,4.051639905492287,4.773578944265931,14.925169123757238,-20.75,-20.67,-20.54
1990-04-01,1.2053868297249508,4.0680529351336165,4.7591188309988315,14.925169123757238,-20.54,-20.75,-20.64
1990-05-01,1.21591750622247,4.159125820462426,4.723637447513562,14.925169123757238,-20.64,-20.54,-20.19
1990-06-01,1.2405904649179305,4.18221184049661,4.788964530164435,14.925169123757238,-20.19,-20.64,-20.11
1990-07-01,1.2382291887322507,4.070375816549757,4.791223877020337,14.925169123757238,-20.11,-20.19,-20.37
1990-08-01,1.239803992207317,4.152736022363656,4.725346326668966,14.925169123757238,-20.37,-20.11,-20.55
1990-09-01,1.2390169004704998,4.027715319407042,4.673081051958981,14.925169123757238,-20.55,-20.37,-20.76
1990-10-01,1.2358623237219843,3.7694588292308535,4.630268959828775,14.925169123757238,-20.76,-20.55,-20.88
1990-11-01,1.2143046026470055,3.6461747973841225,4.676987217971062,14.925169123757238,-20.88,-20.76,-21.12
1990-12-01,1.2013068567050353,3.6775909936175015,4.759373144045651,14.925169123757238,-21.12,-20.88,-21.15
1991-01-01,1.2102609254831962,3.766319109226186,4.824569815049555,14.950253768415891,-21.15,-21.12,-21.43
1991-02-01,1.2045721657287745,3.9678470700644555,4.875226509953241,14.950253768415891,-21.43,-21.15,-21.42
1991-03-01,1.2245292574465123,4.150596984114906,4.890839137773298,14.950253768415891,-21.42,-21.43,-21.27
1991-04-01,1.2461697355333694,4.269568939183719,4.906882081252948,14.950253768415891,-21.27,-21.42,-20.98
1991-05-01,1.2666754706691028,4.261935314328648,4.937241269523682,14.950253768415891,-20.98,-21.27,-20.98
1991-06-01,1.2874320411965716,4.240637316649714,4.89066888830858,14.950253768415891,-20.98,-20.98,-21.06
1991-07-01,1.2866815721181974,4.214867803470662,4.819584858588134,14.950253768415891,-21.06,-20.98,-21.17
1991-08-01,1.2859305394129745,4.133317936506554,4.727646059079021,14.950253768415891,-21.17,-21.06,-21.35
1991-09-01,1.2745968329031254,3.89314568477889,4.625172099301624,14.950253768415891,-21.35,-21.17,-21.45
1991-10-01,1.2635132237720432,3.8622008809294686,4.633162563460823,14.950253768415891,-21.45,-21.35,-21.56
1991-11-01,1.251929623624824,3.5952547069568657,4.629990698869776,14.950253768415891,-21.56,-21.45,-21.68
1991-12-01,1.2405904649179305,3.580216829592325,4.569853971735262,14.950253768415891,-21.68,-21.56,-21.83245901639344
1992-01-01,1.229951900762216,3.7880929087757464,4.500191877968549,15.11118411303753,-21.83245901639344,-21.68,-21.99
1992-02-01,1.2191989394471445,4.03735394824481,4.440728926423822,15.11118411303753,-21.99,-21.83245901639344,-22.08
1992-03-01,1.2090339511010588,4.18221184049661,4.427740872616319,15.11118411303753,-22.08,-21.99,-22.1
1992-04-01,1.1980524382804512,4.186352633162641,4.631280369422357,15.11118411303753,-22.1,-22.08,-22.2372131147541
1992-05-01,1.1873090983049936,4.194583132299156,4.844160934626068,15.11118411303753,-22.2372131147541,-22.1,-22.37
1992-06-01,1.1939206926373065,4.3160025355989236,4.8790410421072785,15.11118411303753,-22.37,-22.2372131147541,-22.71
1992-07-01,1.1939206926373065,4.3160025355989236,4.854629752057983,15.11118411303753,-22.71,-22.37,-22.83
1992-08-01,1.208638865111328,4.254242968705492,4.891707377717292,15.11118411303753,-22.83,-22.71,-22.92
1992-09-01,1.2094502241822074,4.062317878313287,4.9447057363192215,15.11118411303753,-22.92,-22.83,-23.02
1992-10-01,1.1831545430978465,3.833213344056216,4.935774218090069,15.11118411303753,-23.02,-22.92,-23.11
1992-11-01,1.183986836113016,3.670694414558441,4.905013523631865,15.11118411303753,-23.11,-23.02,-22.49
1992-12-01,1.1996701951285678,3.649714624089247,4.877740915852149,15.11118411303753,-22.49,-23.11,-22.06
1993-01-01,1.1535790879283008,3.6741486494265287,4.85785883607005,15.117686891764599,-22.06,-22.49,-22.12
1993-02-01,1.1527210870176638,4.124565145396959,4.831562920334527,15.117686891764599,-22.12,-22.06,-22.18
1993-03-01,1.1484200051182734,4.186352633162641,4.877686576598405,15.117686891764599,-22.18,-22.12,-22.31
1993-04-01,1.1527210870176638,4.154870494892288,4.795859581405519,15.117686891764599,-22.31,-22.18,-22.55
1993-05-01,1.156092587015419,4.236715742996532,4.59066424357349,15.117686891764599,-22.55,-22.31,-22.85
1993-06-01,1.1595645696713384,4.269568939183719,4.654973217269858,15.117686891764599,-22.85,-22.55,-22.94
1993-07-01,1.1595645696713384,4.220873827530873,4.802297097679357,15.117686891764599,-22.94,-22.85,-23.08
1993-08-01,1.1604167214059047,4.159125820462426,4.8108164908504705,15.117686891764599,-23.08,-22.94,-23.31
1993-09-01,1.1663615372152252,4.008154793552548,4.735480370626463,15.117686891764599,-23.31,-23.08,-23.42
1993-10-01,1.1587116911548208,3.9041650800285006,4.701643189294938,15.117686891764599,-23.42,-23.31,-23.68
1993-11-01,1.1672079189839064,3.598979106047848,4.7052732789801945,15.117686891764599,-23.68,-23.42,-23.75
1993-12-01,1.1561486824899314,3.7013612129514133,4.7146270298560005,15.117686891764599,-23.75,-23.68,-23.84
1994-01-01,1.1561486824899314,3.6461747973841225,4.725469377029574,15.176999861155181,-23.84,-23.75,-23.15
1994-02-01,1.172271220940453,3.9258461460898246,4.73777695054023,15.176999861155181,-23.15,-23.84,-22.86
1994-03-01,1.2311117209633866,3.9882040071331994,4.644004259881743,15.176999861155181,-22.86,-23.15,-19.92
1994-04-01,1.3096881527143955,4.030133700271323,4.480947907100185,15.176999861155181,-19.92,-22.86,-19.9
1994-05-01,1.2941610385494902,4.122364924487357,4.349278352285313,15.176999861155181,-19.9,-19.92,-20.24918032786885
1994-06-01,1.29266961396282,4.065724645374026,4.13996271575209,15.176999861155181,-20.24918032786885,-19.9,-20.61
1994-07-01,1.288181947493432,4.051639905492287,3.9868851931857567,15.176999861155181,-20.61,-20.24918032786885,-21.62
1994-08-01,1.288181947493432,4.049273040482021,4.081091843071428,15.176999861155181,-21.62,-20.61,-21.98
1994-09-01,1.273836665629728,3.9041650800285006,4.252588014353699,15.176999861155181,-21.98,-21.62,-22.06
1994-10-01,1.2499802052677693,3.642622395779755,4.3541873943323575,15.176999861155181,-22.06,-21.98,-22.26
1994-11-01,1.2405904649179305,3.2874714551839976,4.393669115241364,15.176999861155181,-22.26,-22.06,-22.5
1994-12-01,1.223943231484774,3.180417459019838,4.396971708325786,15.176999861155181,-22.5,-22.26,-22.54
1995-01-01,1.211880359035499,3.580216829592325,4.381034170237649,15.190561646570174,-22.54,-22.5,-22.08
1995-02-01,1.216722983511287,3.8273136219290276,4.363212698480224,15.190561646570174,-22.08,-22.54,-22.05
1995-03-01,1.2182989131722448,3.9856819377004897,4.344333042225149,15.190561646570174,-22.05,-22.08,-23.24
1995-04-01,1.2200408003702057,4.111290614188263,4.416085994155906,15.190561646570174,-23.24,-22.05,-23.35
1995-05-01,1.2217236136385385,4.173878458937465,4.541200840763521,15.190561646570174,-23.35,-23.24,-23.58852459016394
1995-06-01,1.2234595507638402,4.178053830347945,4.607759777828949,15.190561646570174,-23.58852459016394,-23.35,-23.835
1995-07-01,1.2251366255499627,4.161246712031565,4.590899045753733,15.190561646570174,-23.835,-23.58852459016394,-24.0
1995-08-01,1.226866653113669,4.042138646368146,4.565769756951827,15.190561646570174,-24.0,-23.835,-24.3
1995-09-01,1.228593692850283,3.856470206220483,4.533199828266403,15.190561646570174,-24.3,-24.0,-24.42
1995-10-01,1.230262186522488,3.5952547069568657,4.513285218069408,15.190561646570174,-24.42,-24.3,-24.67
1995-11-01,1.2319833770180666,3.186051276738094,4.559150347439152,15.190561646570174,-24.67,-24.42,-24.77
1995-12-01,1.2336462292900303,3.3841650799864684,4.5825925835959795,15.190561646570174,-24.77,-24.67,-24.69
1996-01-01,1.2353616100319604,3.681021528714291,4.5862928653388355,15.23949915339557,-24.69,-24.77,-23.46
1996-02-01,1.2370740532810003,3.9418039315284354,4.58606199843258,15.23949915339557,-23.46,-24.69,-21.21
1996-03-01,1.2386733658851803,3.9856819377004897,4.601186026398764,15.23949915339557,-21.21,-23.46,-21.47
1996-04-01,1.2403801521497142,4.072693314690119,4.604818266487501,15.23949915339557,-21.47,-21.21,-21.53
1996-05-01,1.2420291117390923,4.027715319407042,4.568828223046106,15.23949915339557,-21.53,-21.47,-21.75
1996-06-01,1.2437301849225981,4.104586678466073,4.551053137206532,15.23949915339557,-21.75,-21.53,-22.16
1996-07-01,1.2405904649179305,4.054001181677966,4.601186026398764,15.23949915339557,-22.16,-21.75,-22.46
1996-08-01,1.2413763195752694,3.970414465569701,4.572813693097046,15.23949915339557,-22.46,-22.16,-22.56
1996-09-01,1.2319050569827825,3.797281334830153,4.609565647394211,15.23949915339557,-22.56,-22.46,-22.83
1996-10-01,1.2199384203652615,3.6354795082673745,4.7090904947300665,15.23949915339557,-22.83,-22.56,-22.92
1996-11-01,1.1988508587451652,3.4336133554004498,4.6936596772869255,15.23949915339557,-22.92,-22.83,-23.14
1996-12-01,1.1972101692877053,3.2669579153508947,4.675456433781796,15.23949915339557,-23.14,-22.92,-23.13
1997-01-01,1.2004888607494035,3.5376572151735295,4.674822787124202,15.309569961086037,-23.13,-23.14,-23.31
1997-02-01,1.1980308504991344,3.847812143477369,4.679670515028627,15.309569961086037,-23.31,-23.13,-23.5
1997-03-01,1.17898265552844,4.079613757534693,4.734887975321492,15.309569961086037,-23.5,-23.31,-23.38135593220339
1997-04-01,1.3264219007677116,4.034952986707273,4.776585034533042,15.309569961086037,-23.38135593220339,-23.5,-23.25
1997-05-01,1.4330802751411378,4.106826321059578,4.758094523135409,15.309569961086037,-23.25,-23.38135593220339,-22.26
1997-06-01,1.4376095614347315,4.111290614188263,4.747344883806786,15.309569961086037,-22.26,-23.25,-22.26
1997-07-01,1.459321780898875,4.126760535960395,4.731100469547899,15.309569961086037,-22.26,-22.26,-21.26
1997-08-01,1.4799539600989036,3.998229153752578,4.743998753335016,15.309569961086037,-21.26,-22.26,-21.57
1997-09-01,1.459321780898875,3.785011242238338,4.71560252425469,15.309569961086037,-21.57,-21.26,-21.41
1997-10-01,1.4167347003663953,3.5915163848462583,4.614290597122864,15.309569961086037,-21.41,-21.57,-21.78
1997-11-01,1.4101209196443585,3.379546134130174,4.553202905143026,15.309569961086037,-21.78,-21.41,-21.98554347826087
1997-12-01,1.4074631107708375,3.4423470353692043,4.535631144805689,15.309569961086037,-21.98554347826087,-21.78,-22.18445652173913
1998-01-01,1.3893357261782806,3.7047112998366956,4.5324692791044825,15.310009321156416,-22.18445652173913,-21.98554347826087,-22.39
1998-02-01,1.3798053613275867,3.8763855159214247,4.526360524616162,15.310009321156416,-22.39,-22.18445652173913,-22.44254237288136
1998-03-01,1.3770656335864664,3.972975286431375,4.438546686703438,15.310009321156416,-22.44254237288136,-22.39,-22.49
1998-04-01,1.3743183791113276,4.051639905492287,4.371024502024786,15.310009321156416,-22.49,-22.44254237288136,-22.52
1998-05-01,1.3597701488460348,4.165475048141086,4.42453406184139,15.310009321156416,-22.52,-22.49,-22.64
1998-06-01,1.336472236621213,4.104586678466073,4.503678756569139,15.310009321156416,-22.64,-22.52,-22.75
1998-07-01,1.3235317253454781,4.113515309210374,4.575617433251477,15.310009321156416,-22.75,-22.64,-22.67941176470588
1998-08-01,1.3126185577418126,4.0680529351336165,4.619216715458919,15.310009321156416,-22.67941176470588,-22.75,-22.60647058823529
1998-09-01,1.3126185577418126,3.9932291433358724,4.708682081410116,15.310009321156416,-22.60647058823529,-22.67941176470588,-22.53352941176471
1998-10-01,1.311154428636923,3.6602595372658615,4.790043677640353,15.310009321156416,-22.53352941176471,-22.60647058823529,-22.46294117647059
1998-11-01,1.3104215594212703,3.5217206229107165,4.844279353341626,15.310009321156416,-22.46294117647059,-22.53352941176471,-22.39
1998-12-01,1.3008450589780618,3.4849066497880004,4.883794983971591,15.310009321156416,-22.39,-22.46294117647059,-22.39
1999-01-01,1.299363577225619,3.598979106047848,4.993679794386737,15.368671510773977,-22.39,-22.39,-22.39
1999-02-01,1.29266961396282,3.9231615807191558,5.154249971218622,15.368671510773977,-22.39,-22.39,-22.39
1999-03-01,1.2934156042995415,3.9575110607337933,5.339195244196883,15.368671510773977,-22.39,-22.39,-20.8
1999-04-01,1.273836665629728,4.051639905492287,5.446076755313344,15.368671510773977,-20.8,-22.39,-20.82
1999-05-01,1.2723145953206592,4.073489900791985,5.435369909747808,15.368671510773977,-20.82,-20.8,-20.5
1999-06-01,1.2791457414294944,4.095577608523707,5.455557803603841,15.368671510773977,-20.5,-20.82,-24.18
1999-07-01,1.267734434642085,4.126760535960395,5.453280836314339,15.368671510773977,-24.18,-20.5,-24.21084112149533
1999-08-01,1.2715526905218972,4.133317936506554,5.464086537210381,15.368671510773977,-24.21084112149533,-24.18,-24.24271028037383
1999-09-01,1.2700271372130603,4.051639905492287,5.48985285797461,15.368671510773977,-24.24271028037383,-24.21084112149533,-24.27457943925234
1999-10-01,1.2492010856334994,3.750470916986162,5.465812328626252,15.368671510773977,-24.27457943925234,-24.24271028037383,-24.30542056074766
1999-11-01,1.2405904649179305,3.4932054526026954,5.435764854460683,15.368671510773977,-24.30542056074766,-24.27457943925234,-24.33728971962617
1999-12-01,1.2421615571499716,3.517696472610991,5.417132322198028,15.368671510773977,-24.33728971962617,-24.30542056074766,-24.36813084112149
2000-01-01,1.2390169004704998,3.6461747973841225,5.351943215678363,15.668679932795959,-24.36813084112149,-24.33728971962617,-24.4
2000-02-01,1.2437301849225981,3.8390784635086144,5.225311906593702,15.668679932795959,-24.4,-24.36813084112149,-24.0
2000-03-01,1.297137231222536,3.9856819377004897,5.120323609872582,15.668679932795959,-24.0,-24.4,-22.97
2000-04-01,1.365337317017385,4.167582530480651,5.111147050898135,15.668679932795959,-22.97,-24.0,-22.95577049180328
2000-05-01,1.3639484279052307,4.0680529351336165,5.13889293848317,15.668679932795959,-22.95577049180328,-22.97,-22.942
2000-06-01,1.3569748989477304,4.027715319407042,5.054028805282717,15.668679932795959,-22.942,-22.95577049180328,-22.92777049180328
2000-07-01,1.3485419607085434,4.075005454448499,4.9646154555473165,15.668679932795959,-22.92777049180328,-22.942,-22.914
2000-08-01,1.3506568716131695,4.120159851929043,4.988675356949228,15.668679932795959,-22.914,-22.92777049180328,-22.89977049180328
2000-09-01,1.3485419607085434,3.8273136219290276,4.9874396447129,15.668679932795959,-22.89977049180328,-22.914,-22.88554098360656
2000-10-01,1.3140805463063119,3.5494451709255714,5.057132940603255,15.668679932795959,-22.88554098360656,-22.89977049180328,-22.87177049180328
2000-11-01,1.3015849776207724,3.4765384001174837,5.192054988785308,15.668679932795959,-22.87177049180328,-22.88554098360656,-22.85754098360656
2000-12-01,1.3067491351690066,3.327277705584417,5.23048468485091,15.668679932795959,-22.85754098360656,-22.87177049180328,-22.84377049180328
2001-01-01,1.3126185577418126,3.667228206581955,5.225746240983089,15.70112167992256,-22.84377049180328,-22.85754098360656,-22.82954098360656
2001-02-01,1.3162695293036935,3.847812143477369,5.2333895294883614,15.70112167992256,-22.82954098360656,-22.84377049180328,-22.81531147540984
2001-03-01,1.3228078744271552,4.0610517396746335,5.168480832179964,15.70112167992256,-22.81531147540984,-22.82954098360656,-22.80245901639344
2001-04-01,1.3184537311185345,3.9882040071331994,5.082618520937402,15.70112167992256,-22.80245901639344,-22.81531147540984,-22.78822950819672
2001-05-01,1.3155404005801774,4.111290614188263,5.112111564268534,15.70112167992256,-22.78822950819672,-22.80245901639344,-22.77445901639344
2001-06-01,1.3393253056036194,4.126760535960395,5.1833934605670295,15.70112167992256,-22.77445901639344,-22.78822950819672,-22.76022950819672
2001-07-01,1.357674444271816,4.063390922027805,5.205198159963209,15.70112167992256,-22.76022950819672,-22.77445901639344,-22.74645901639344
2001-08-01,1.3555743384946992,4.0325462466767075,5.087105307177983,15.70112167992256,-22.74645901639344,-22.76022950819672,-22.73222950819672
2001-09-01,1.336472236621213,3.89591193827178,4.966363700948902,15.70112167992256,-22.73222950819672,-22.74645901639344,-22.718
2001-10-01,1.33718626735487,3.713064928715715,4.8637191983777495,15.70112167992256,-22.718,-22.73222950819672,-22.70422950819672
2001-11-01,1.3293037471426004,3.4807312783775197,4.78078094967777,15.70112167992256,-22.70422950819672,-22.718,-22.69
2001-12-01,1.3343270802748248,3.3749057545736716,4.810359351651646,15.70112167992256,-22.69,-22.70422950819672,-12.63
2002-01-01,1.4311328548567421,3.649714624089247,4.8173459584862375,15.758864164308116,-12.63,-22.69,-13.65716417910448
2002-02-01,1.471876873627416,3.7942278973432626,4.815512105047302,15.758864164308116,-13.65716417910448,-12.63,-14.68432835820895
2002-03-01,1.4662465803680234,4.013080911888604,4.799973501619523,15.758864164308116,-14.68432835820895,-13.65716417910448,-15.61208955223881
2002-04-01,1.4478858239921166,4.005682604407159,4.70335747329459,15.758864164308116,-15.61208955223881,-14.68432835820895,-16.63925373134328
2002-05-01,1.436317571590929,4.08876713952118,4.566240899481155,15.758864164308116,-16.63925373134328,-15.61208955223881,-17.63328358208955
2002-06-01,1.4259211166755468,4.141994780532244,4.500036680329716,15.758864164308116,-17.63328358208955,-16.63925373134328,-18.66044776119403
2002-07-01,1.414755155015257,4.106826321059578,4.567888152471587,15.758864164308116,-18.66044776119403,-17.63328358208955,-19.6544776119403
2002-08-01,1.412109650826833,4.079613757534693,4.709906821306012,15.758864164308116,-19.6544776119403,-18.66044776119403,-20.68164179104478
2002-09-01,1.4114471797857118,3.9831534913471307,4.752440935603681,15.758864164308116,-20.68164179104478,-19.6544776119403,-21.70880597014925
2002-10-01,1.406131552651325,3.6979998652487085,4.730501128804756,15.758864164308116,-21.70880597014925,-20.68164179104478,-22.70283582089552
2002-11-01,1.3859424416193005,3.411439497906128,4.6303230046539126,15.758864164308116,-22.70283582089552,-21.70880597014925,-23.73
2002-12-01,1.3859424416193005,3.402430427963762,4.514822563727387,15.758864164308116,-23.73,-22.70283582089552,-22.7
2003-01-01,1.3947411447451887,3.740840023925201,4.509301413045362,15.821776872127474,-22.7,-23.73,-21.69473251028807
2003-02-01,1.394067063155795,3.8622008809294686,4.4994292881847056,15.821776872127474,-21.69473251028807,-22.7,-20.68946502057613
2003-03-01,1.406131552651325,4.049273040482021,4.546880636798393,15.821776872127474,-20.68946502057613,-21.69473251028807,-19.78148148148148
2003-04-01,1.395414772254663,4.054001181677966,4.660048421404181,15.821776872127474,-19.78148148148148,-20.68946502057613,-18.77621399176955
2003-05-01,1.3886579897917832,4.097837496491144,4.7589858358529575,15.821776872127474,-18.77621399176955,-19.78148148148148,-17.80337448559671
2003-06-01,1.3770656335864664,4.163363114937942,4.762475843568187,15.821776872127474,-17.80337448559671,-18.77621399176955,-16.79810699588477
2003-07-01,1.3632532592988549,4.163363114937942,4.739965978937728,15.821776872127474,-16.79810699588477,-17.80337448559671,-15.82526748971193
2003-08-01,1.3527673191077154,4.079613757534693,4.777841297875032,15.821776872127474,-15.82526748971193,-16.79810699588477,-14.82
2003-09-01,1.341459778132252,4.0204248861443626,4.937786094694792,15.821776872127474,-14.82,-15.82526748971193,-14.85
2003-10-01,1.3435897043900769,3.66374994220563,5.07578265042727,15.821776872127474,-14.85,-14.82,-14.83
2003-11-01,1.33718626735487,3.4203681286504293,5.090111581972589,15.821776872127474,-14.83,-14.85,-14.81
2003-12-01,1.3314596947976687,3.451005098112319,5.089805289788681,15.821776872127474,-14.81,-14.83,-14.81491803278688
2004-01-01,1.336472236621213,3.545531271604435,5.086340087566079,15.760265577589305,-14.81491803278688,-14.81,-14.82
2004-02-01,1.3184537311185345,3.9806186357439426,5.084434508335582,15.760265577589305,-14.82,-14.81491803278688,-14.83
2004-03-01,1.3126185577418126,4.104586678466073,5.041148874636234,15.760265577589305,-14.83,-14.82,-14.84
2004-04-01,1.316998126785834,4.126760535960395,4.959542521396122,15.760265577589305,-14.84,-14.83,-14.84
2004-05-01,1.3228078744271552,4.220873827530873,4.865455369611811,15.760265577589305,-14.84,-14.84,-14.84983606557377
2004-06-01,1.3242550526826211,4.178053830347945,4.854746937608416,15.760265577589305,-14.84983606557377,-14.84,-14.86
2004-07-01,1.3199072197465178,4.120159851929043,4.972333852532248,15.760265577589305,-14.86,-14.84983606557377,-14.92
2004-08-01,1.3126185577418126,4.046900560128391,5.0292132728395496,15.760265577589305,-14.92,-14.86,-14.9
2004-09-01,1.3038014543316643,3.89314568477889,4.946585449777257,15.760265577589305,-14.9,-14.92,-14.92
2004-10-01,1.299363577225619,3.7212954278522306,4.93051758806431,15.760265577589305,-14.92,-14.9,-14.94
2004-11-01,1.2956502421009577,3.411439497906128,4.995291274611157,15.760265577589305,-14.94,-14.92,-14.91967213114754
2004-12-01,1.2934156042995415,3.256541154492639,5.000644197081674,15.760265577589305,-14.91967213114754,-14.94,-14.9
